A,B,C,D,E,F
5,650,whether,Run hair else.,2022-06-20,2022-11-10 11:44:09
92,355,shake,Exist radio sea be.,2023-02-11,2022-09-25 06:00:35
73,539,computer,Bag stuff talk.,2022-12-27,2023-01-23 00:16:53
79,699,enjoy,Knowledge manager.,2022-07-02,2023-03-29 09:22:01
4,593,sometimes,Throw pretty then.,2023-01-09,2023-06-08 15:05:53
44,882,boy,Enjoy hotel sign.,2022-08-15,2023-03-19 16:07:01
77,479,man,Pattern large upon.,2022-08-12,2023-02-02 17:00:35
47,623,pass,Anything color.,2022-10-11,2023-06-11 14:26:42
40,358,act,Focus treat time.,2022-09-09,2022-06-21 20:06:38
78,191,institution,Sure general.,2022-09-13,2023-02-01 14:46:45
